bmiguet;3
aruellou;4
kszarvas;0
atrupin;3
qbecquar;3
bcorbel;1
ddela-cr;0
lprunier;1
jloy;4
vchesnea;4
adubois;0
vmarchau;4
yamicel;0
fgiraud;2
smejia-m;3
jmaillar;2
tbredill;4
lvan-den;1
gahubaul;1
jbenabde;4
tdupont;3
zgonzale;2
lroberti;1
parchimb;2
fpolini;4
ypasquie;4
agilet;4
jdhaisne;0
rhuc;1
afillion;0
ypedron;0
jrivalin;3
fmorillo;1
aabraham;4
dbeaulan;2
fcarrier;2
agedeon;3
pkerckho;1
nhelary;3
vvidal;4
hbickram;2
tviteau;1
eepifani;0
kmory;0
sdauzat;4
cboyer;4
agiroud;0
mkergosi;2
ylaugel;4
aselhaou;1
jlawson;4
cdebord;4
svelhinh;0
troumagn;0
jrebuffa;0
fchuc;4
mboisse;0
tfolly;3
aroemer;2
cjacques;2
mmetge;1
eduriot;3
lsudre;3
vgalline;0
qcavin;1
mmammes;1
avacher;4
fde-cuyp;2
acalais;0
fhermoue;0
vquesnel;4
lmuller;4
mfoulgoc;3
jmaiquez;3
gsimeon;2
blavigno;2
mbourget;4
qdupless;4
emontagn;0
dlaurenc;3
jgiraude;2
pmargot;3
angagnie;3
amichon;2
agomis;4
naouaich;0
mtassett;2
mmisere;0
mbautman;4
mpoisson;3
pbondoer;3
adauger;3
eferreir;4
pmoulin;4
amanukya;1
ncazeres;1
ffiore;1
qmenard;3
gllareu;0
bmartin;3
svitiell;2
mdiallo;3
djean-ba;0
nphilibe;3
nhamel;0
fturcon;1
echaib;3
alallema;0
fmasdoum;1
mabraham;3
stoussay;1
fsidler;2
mszczesn;3
ckadjo;3
rsimsen;3
jogauthi;3
mkejji;2
gmarguer;2
tmosbah;4
sganon;4
gchaudie;0
saudic;2
jdevot;3
fcoffion;3
ylemaire;0
jemercie;1
vgarcia;1
tjacquin;0
atran;4
eguerlai;2
aleclet;3
shervy;1
janciaux;2
flefebvr;0
vamabaye;1
mrenaudi;0
apelleti;0
ltesson;3
wimartin;1
qviguier;1
sdelaux;3
agarcia;0
llemaire;4
qgremaud;4
rdaniel;3
vbaron;1
hdebard;1
ajolly-l;1
rollagni;0
jseguina;1
rboumali;0
tisergue;2
cdemiche;1
rpessegu;3
baalexan;3
mtheil-i;1
sait-oua;0
blonqueu;3
ftrin;3
mcotfas;4
fdufrenn;0
aeguzqui;2
bhamon;2
xgallego;1
blemaitr;4
vmalet;1
gecorce;3
ggauthie;4
egade;1
hfrely;2
tgerboui;0
yduclos;1
tailloud;1
dlomprez;0
ptricoir;3
mfroehly;1
azlatar;3
naureau;2
fsicchio;3
alcastil;0
iabdel;3
fpiquet;0
bcacan;2
djean;3
ybeaure;2
vklaouse;0
abeuve;1
rmc-coma;4
gabernar;3
sda-silv;2
cmestrej;2
ylarbi;4
jbossuet;4
ghuot;0
nkrouglo;0
arichard;3
bheaulme;0
lmartin;2
apal;2
gbeaupuy;3
jmeyer;4
vronveau;4
jrouthie;0
jeahoare;0
kcharrai;0
aatanasi;1
oseng;4
jriahi;2
schourak;0
cde-laro;2
wdestin;2
tabbey;4
lbourjad;3
ehadida;1
lgrosjea;1
mdos-san;4
owinckle;1
ndroissa;3
jgomes;3
gmartin;3
jthiriez;3
asalama;4
qmoreaux;3
scharpen;2
ddupart;2
malbrech;1
cbonarel;0
mgervais;2
bseiller;0
tdelvert;3
ebrehin;4
asarazin;0
nboulaye;3
jschotte;2
gtorresa;1
dvirgile;0
xmediavi;0
rboiteau;0
jmarette;4
hlouar;1
cbecquey;3
dtedgui;4
gwoodwar;0
acazuc;1
efontain;2
tktorza;1
gnaze;2
tattali;3
jle-quer;0
sliani;4
lle-goff;1
hdroal;4
apomme;0
mressier;3
yboualla;0
gpade;2
ktrocme;1
lgaveria;2
axlelong;2
odhommee;0
fnieto;0
jcarol;2
telain;4
ttouhey;1
jandre-j;1
mlaullon;0
cikram;0
gperroch;0
rsoetewe;1
mgrassi;2
mjeannea;1
jrouzier;4
mlegoull;1
kguillot;2
tboichot;4
achenet;1
ssadki;3
maltay;1
dnowicki;2
jsoudier;0
mazerkan;2
smazo;4
jchen;0
mpouget;2
daltman;2
farab;3
ajurczyn;0
hcherchi;1
bthiboda;4
glagalla;3
jdoumos;3
tlovato;1
mfofana;1
ftola;3
ndeclerc;2
pmartine;2
vcastro-;1
sblemand;1
piriche;3
vnoon;3
clebouis;1
alababsa;0
jedelin;4
agardin;3
rstroh;2
span;1
crichard;0
mnicolas;2
aljourda;2
axcollin;1
svassal;0
cchicote;1
fpernes;3
gbayeux;0
caillet;2
erodrigu;1
qduperon;0
josoto-c;2
jconstan;0
dbourdon;1
sprakayt;1
lmeresse;4
medimo;3
nmougino;3
tanino;1
aribeiro;2
tfievet;1
tifuzeau;4
sguillia;4
olacroix;2
fkoehler;4
acamilo;1
jhourcad;0
cgrulich;1
mnina;3
abara;0
dsaidi;2
qroche;2
bbetti;2
vdesvaux;4
juthomas;2
vibarber;0
broux;3
mdeglain;0
cdoux;0
squemere;1
abohtore;0
cbenard;2
ibouchla;2
mmouhssi;2
sbourgeo;4
mbarbry;2
mburte;4
alguilla;4
zkerkeb;0
sarar;4
cchameyr;4
tdusser-;1
amakhtar;3
agirin;1
jlereffa;4
apenaud;4
dedwards;0
cszabo;1
pconin;2
mmerzouk;1
nboute;2
froussea;3
vplasson;3
clou;1
klepinay;2
jchoisna;1
gdurand;4
rporcon;3
mpillot;2
ldelcroi;2
lbougero;3
dchristo;4
ale-du;4
susitkov;3
lcarreel;3
jraepsae;0
qlevis;4
fedavid;4
mbounemr;4
jaustry;4
ebouther;3
suslu;1
vthomas;0
shill;2
mlivoti;3
pmotresc;1
tvarnero;4
jthibaut;4
aferrand;1
rfixot;1
jcao;4
tloue;2
tdumain;3
jgavard;4
mjarraya;2
qpourrio;4
emauvais;4
gfotiadi;2
rthidet;4
vlarcher;4
mleduc;4
aouarab;2
pdelefos;1
jkaji;3
enaboule;1
atheveno;1
mlebourd;4
marzento;0
tlanchon;0
jagostin;0
akhediri;4
mjeandel;0
pboutin;2
avella;0
lnieto-m;2
snicolet;2
cmadinie;0
rthomas;2
lbarbeau;3
dpalombo;3
fcapocci;1
ncharif;3
ccousin;4
mabordas;0
trecomps;2
gdormoy;1
mskaroup;2
